{
    "metrics": {
        "http_req_blocked": {
            "p(95)": 216.99285,
            "avg": 111.1874486803506,
            "min": 0,
            "med": 0.004,
            "max": 5282.655,
            "p(90)": 0.019
        },
        "checks": {
            "passes": 1364,
            "fails": 0,
            "value": 1
        },
        "iteration_duration": {
            "med": 1100.500667,
            "max": 6570.457917,
            "p(90)": 1349.704417,
            "p(95)": 2877.181,
            "avg": 1338.5800384897368,
            "min": 1070.731458
        },
        "http_req_duration{expected_response:true}": {
            "p(90)": 318.23199999999997,
            "p(95)": 353.8993999999999,
            "avg": 307.4513856304987,
            "min": 278.861,
            "med": 298.88149999999996,
            "max": 704.01
        },
        "http_req_tls_handshaking": {
            "p(90)": 0,
            "p(95)": 118.43385,
            "avg": 9.470535190615836,
            "min": 0,
            "med": 0,
            "max": 153.727
        },
        "data_received": {
            "count": 2506965,
            "rate": 150069.12135367948
        },
        "http_reqs": {
            "count": 682,
            "rate": 40.82511752785117
        },
        "http_req_receiving": {
            "avg": 1.2282859237536654,
            "min": 0.014,
            "med": 0.2075,
            "max": 79.324,
            "p(90)": 2.0849,
            "p(95)": 3.74475
        },
        "iterations": {
            "count": 341,
            "rate": 20.412558763925585
        },
        "errors": {
            "fails": 341,
            "passes": 0,
            "thresholds": {
                "rate<0.01": false
            },
            "value": 0
        },
        "http_req_waiting": {
            "min": 278.767,
            "med": 297.9675,
            "max": 703.782,
            "p(90)": 317.2861,
            "p(95)": 341.32609999999994,
            "avg": 306.1950395894429
        },
        "http_req_sending": {
            "avg": 0.028060117302052788,
            "min": 0.003,
            "med": 0.016,
            "max": 1.267,
            "p(90)": 0.044900000000000016,
            "p(95)": 0.057
        },
        "data_sent": {
            "count": 329519,
            "rate": 19725.296044955998
        },
        "http_req_connecting": {
            "max": 119.886,
            "p(90)": 0,
            "p(95)": 97.37794999999997,
            "avg": 7.859557184750733,
            "min": 0,
            "med": 0
        },
        "http_req_duration": {
            "p(90)": 318.23199999999997,
            "p(95)": 353.8993999999999,
            "avg": 307.4513856304987,
            "min": 278.861,
            "med": 298.88149999999996,
            "max": 704.01,
            "thresholds": {
                "p(95)<5000": false
            }
        },
        "http_req_failed": {
            "fails": 682,
            "passes": 0,
            "thresholds": {
                "rate<0.01": false
            },
            "value": 0
        },
        "vus": {
            "min": 5,
            "max": 50,
            "value": 8
        },
        "vus_max": {
            "value": 50,
            "min": 50,
            "max": 50
        }
    },
    "root_group": {
        "name": "",
        "path": "",
        "id": "d41d8cd98f00b204e9800998ecf8427e",
        "groups": {},
        "checks": {
                "status is 200": {
                    "name": "status is 200",
                    "path": "::status is 200",
                    "id": "6210a8cd14cd70477eba5c5e4cb3fb5f",
                    "passes": 341,
                    "fails": 0
                },
                "response time < 5000ms": {
                    "name": "response time < 5000ms",
                    "path": "::response time < 5000ms",
                    "id": "4213c766286106c2e3912bb74545ca0a",
                    "passes": 341,
                    "fails": 0
                },
                "page contains FISH": {
                    "fails": 0,
                    "name": "page contains FISH",
                    "path": "::page contains FISH",
                    "id": "f4b2e6b757e79307b8b6a19da97ec861",
                    "passes": 341
                },
                "response size > 0": {
                    "path": "::response size > 0",
                    "id": "29772eb9cfc20e08cb8d8098cb085427",
                    "passes": 341,
                    "fails": 0,
                    "name": "response size > 0"
                }
            }
    }
}